{
  "GetFileStream" : {
    "transaction" : "GetFileStream",
    "sampleCount" : 835,
    "errorCount" : 0,
    "errorPct" : 0.0,
    "meanResTime" : 347.22395209580816,
    "medianResTime" : 344.0,
    "minResTime" : 234.0,
    "maxResTime" : 1544.0,
    "pct1ResTime" : 374.4,
    "pct2ResTime" : 387.0,
    "pct3ResTime" : 419.91999999999996,
    "throughput" : 13.891430567801827,
    "receivedKBytesPerSec" : 16707.00920346267,
    "sentKBytesPerSec" : 4.883706058992829
  },
  "Total" : {
    "transaction" : "Total",
    "sampleCount" : 835,
    "errorCount" : 0,
    "errorPct" : 0.0,
    "meanResTime" : 347.22395209580816,
    "medianResTime" : 344.0,
    "minResTime" : 234.0,
    "maxResTime" : 1544.0,
    "pct1ResTime" : 374.4,
    "pct2ResTime" : 387.0,
    "pct3ResTime" : 419.91999999999996,
    "throughput" : 13.891430567801827,
    "receivedKBytesPerSec" : 16707.00920346267,
    "sentKBytesPerSec" : 4.883706058992829
  }
}