{
  "GetFileContent" : {
    "transaction" : "GetFileContent",
    "sampleCount" : 842,
    "errorCount" : 0,
    "errorPct" : 0.0,
    "meanResTime" : 344.57838479809936,
    "medianResTime" : 341.5,
    "minResTime" : 242.0,
    "maxResTime" : 1540.0,
    "pct1ResTime" : 374.0,
    "pct2ResTime" : 386.6999999999998,
    "pct3ResTime" : 426.27999999999975,
    "throughput" : 13.99391713340757,
    "receivedKBytesPerSec" : 16830.295546450416,
    "sentKBytesPerSec" : 4.933402426914192
  },
  "Total" : {
    "transaction" : "Total",
    "sampleCount" : 842,
    "errorCount" : 0,
    "errorPct" : 0.0,
    "meanResTime" : 344.57838479809936,
    "medianResTime" : 341.5,
    "minResTime" : 242.0,
    "maxResTime" : 1540.0,
    "pct1ResTime" : 374.0,
    "pct2ResTime" : 386.6999999999998,
    "pct3ResTime" : 426.27999999999975,
    "throughput" : 13.99391713340757,
    "receivedKBytesPerSec" : 16830.295546450416,
    "sentKBytesPerSec" : 4.933402426914192
  }
}